id,brand,product,group,uk_status,weight_g,kcal,protein_g,carbs_g,sugars_g,polyols_g,fibre_g,fat_g,sat_g,salt_g,protein_source,processing,key_ingredients,price_gbp,price_basis,channels,marketing_claims,source_url,accessed,confidence,price_per_g_protein,price_per_100g,carb_to_protein,protein_pct_energy
forza,Veloforte,Forza (Apricot Almond Fennel),recovery,Sold UK (Sigma Sport and other cycle retail),70,254,12,38.3,27.6,,7.4,,,,Egg white,whole_food,"Dried apricot, almond, egg white, cane sugar, honey, agave (inherited list)",2.75,Box of 12 price NOT confirmed; inherited estimate,Cycle retail; D2C; H&B; Decathlon,100% natural; handmade UK; no additives; 3:1 recovery,https://sigmasport.co.uk/item/Veloforte/Forza-Natural-Protein-Bar-Box-of-12-x-70g/JEHZ,2026-10-07,Medium (nutrition) / Low (price),0.229,3.93,3.2,19
styrkr,Styrkr,BAR+ Recovery Bar,recovery,Sold UK (Tweeks; Bike24; Halfords),74,285,15,46.6,28.4,,0.67,,,,Soy protein isolate + soy crispies,processed,"Glucose syrup, soy protein crispies, caster sugar, invert syrup, soy protein isolate, puffed rice",2.75,£32.95 / 12,Cycle retail; D2C; export,All natural ingredients; fast to digest; easy on the gut; 3:1,https://tweekscycles.com/styrkr-bar-recovery-bar-12-pack-4001761,2026-10-07,Medium,0.183,3.72,3.1,21
torq,TORQ,Recovery Bar,recovery,Sold UK (TORQ D2C; Sigma Sport),65,230,13.4,40.2,22.7,,2.1,0.7,,,Whey protein concentrate + whey crisps,processed,"Rice syrup, raisins, whey protein, maltodextrin (inherited list)",2.50,SRP per bar (box of 15),D2C; cycle retail,3:1; cold-pressed; Fairtrade; no artificial sweeteners,https://www.torqfitness.co.uk/news/torq-recovery-bar,2026-10-07,Medium (per-100g × 0.65),0.187,3.85,3.0,23
rego,Science in Sport,REGO Rapid Recovery (50g sachet; shake),recovery,Sold UK (run4it; Rutland Cycling),50,,20,22,,,,,,,Milk/whey protein,processed,Powder mixed with water; needs shaker,2.50,Single sachet,Run & cycle retail; D2C; pro clubs,Contributes to maintenance of muscle mass,https://www.run4it.com/products/sis-science-in-sport-rego-rapid-recovery-sachet,2026-10-07,Medium,0.125,5.00,1.1,
grenade,Grenade,Carb Killa (Dark Choc Raspberry),protein,Sold UK (Tesco; Boots; Ocado; Superdrug),60,219,20,18,0.9,16,3.0,9.7,5.6,0.18,Milk protein blend,processed,"Protein blend, polyols (maltitol), palm/veg fats (inherited)",2.85,Boots single-bar shelf price (promos to £1.50),Grocery; pharmacy; convenience,High protein; low sugar,https://boots.com/grenade-carb-killa-high-protein-bar-fudged-up-60g-10299122,2026-10-07,High,0.143,4.75,0.9,37
barebells,Barebells,Protein Bar (Cookies & Cream),protein,Sold UK (Tesco; Ocado; H&B),55,190,20,17,1.4,,3.5,6.4,3.1,0.10,Milk protein blend,processed,"Milk protein, polyols/sweeteners (inherited: maltitol, sucralose)",2.90,Tesco single bar,Grocery; H&B; gyms,No added sugar; no palm oil,https://www.tesco.com/shop/en-GB/products/317413827,2026-10-07,High,0.145,5.27,0.8,42
fulfil,Fulfil,Vitamin & Protein Bar (Choc Peanut Caramel),protein,Sold UK (Tesco; Sainsbury's),55,203,19.5,15.9,,,3.8,,,,Milk protein blend,processed,"Protein blend, polyols, 9 added vitamins",2.90,Tesco single bar,Grocery; convenience,High protein; low sugar; 9 vitamins,https://www.tesco.com/groceries/en-GB/products/330772853,2026-10-07,High,0.149,5.27,0.8,38
mp_layered,Myprotein,Layered Bar,protein,Sold UK (H&B; Morrisons; Ocado),60,211,20,20,2,,6.4,,,,Milk protein blend,processed,Protein blend; sweeteners (detail not checked),2.50,H&B RRP (promo £2.00),D2C; H&B; grocery,High protein; high fibre; low sugar,https://www.hollandandbarrett.com/shop/product/layered-protein-bar-white-gold-60g-6100004968,2026-10-07,Medium,0.125,4.17,1.0,38
mp_flapjack,Myprotein,Protein Flapjack (Forest Fruit),protein,Sold UK (Myprotein D2C),80,324,20,32,20,,7.8,11,5.5,0.87,Soy protein isolate + whey isolate,processed,"Oats 24%, golden syrup, isolated soy protein 20%, FOS, butter, margarine (palm oil), whey isolate 4%",2.49,Single bar via third-party listing; retailer unclear,D2C online,High protein,https://www.healthkart.com/sv/myprotein-protein-flapjack/SP-83423,2026-10-07,Medium (nutrition) / Low (price),0.125,3.11,1.6,25
phd,PhD Nutrition,Smart Bar,protein,Sold UK (H&B; Ocado),64,251,21,22,2,20,,9.2,,0.26,Milk protein + collagen + soy isolate,processed,"Milk protein, collagen hydrolysate, soy isolate, maltitol",2.50,H&B single bar,H&B; grocery; D2C,High protein; low sugar,https://www.hollandandbarrett.com/shop/product/phd-smart-bar-choc-brownie-64g-6100004270,2026-10-07,High,0.119,3.91,1.0,33
misfits,Misfits,Vegan Protein Bar,protein,Sold UK (Ocado; H&B; Tesco),45,186,16,,1,,8,,,,Plant protein blend,processed,Plant protein blend; low sugar (detail not checked),2.20,Ocado single bar,Grocery; H&B,100% natural; vegan; high fibre,https://ocado.com/products/misfits-chocolate-brownie-vegan-protein-bar-544264011,2026-10-07,Medium (carbs missing),0.138,4.89,,34
clif,Clif,Builders (Chocolate Mint),protein,Patchy UK (Sigma delisted; Premcrest; Rutland),68,280,20,31,17,,3,9,,,Soy protein isolate,processed,"Soy protein isolate, cane syrup, rice syrup, palm kernel oil (inherited)",1.90,"£22.80 / 12 (Premcrest, out of stock)",Cycle retail; wholesale,20g complete protein,https://www.premcrest.co.uk/clif-chocolate-mint-builder-s-protein-bar-68g-x12,2026-10-07,Medium (US label),0.095,2.79,1.6,29
huel,Huel,Complete Nutrition Bar (Choc Caramel),protein,Sold UK (Tesco; Morrisons; H&B),55,200,14,19,,,7,,,,Plant protein blend,processed,Plant protein; 26 vitamins & minerals,2.50,H&B (Tesco/Morrisons promo £2.00),Grocery; D2C,Complete nutrition; high fibre,https://groceries.morrisons.com/products/huel-chocolate-caramel-complete-nutrition-bar-55g/114813368,2026-10-07,Medium (kcal inherited),0.179,4.55,1.4,28
vf_crunch,Veloforte,Protein Crunch,protein,Sold UK (H&B; Decathlon),66,252,20,17,9.5,,12,,,,Soy protein crisps + bovine collagen,processed,"Peanuts, dates, soy protein crisps, collagen, chicory root syrup",3.08,H&B variety 12-pack £37 (may not be Crunch-only),H&B; Decathlon; D2C,20g complete protein; natural,https://www.hollandandbarrett.com/shop/product/veloforte-protein-crunch-bar-mixed-12-pack-6100013471,2026-10-07,Medium (nutrition) / Low (price),0.154,4.67,0.8,32
nakd,Nakd,Fruit & Nut Bar (Cocoa Delight),whole_food,Sold UK (Ocado; supermarkets),35,,2.9,19,,,3.3,,,,Nuts only,whole_food,"Dates, cashews, raisins, cocoa",,Price not captured,Grocery,Natural; no added sugar; vegan,https://www.ocado.com/products/nakd-cocoa-delight-fruit-nut-bars-multipack-63336011,2026-10-07,Medium,,,6.6,
nakd_protein,Nakd,Protein Bar (Peanut Butter),whole_food,Sold UK (Ocado; Costco),45,189,7,15,13,,6.8,9.5,,0.18,Not confirmed (nuts + possibly plant protein),unknown,Protein source not captured,,Price not captured,Grocery; Costco,100% natural; cold pressed; no added sugar,https://www.ocado.com/products/nakd-protein-peanut-butter-bars-multipack-609578011,2026-10-07,Medium,,,2.1,15
trek,Trek,Protein Flapjack (Lotus Biscoff),whole_food,Sold UK (Tesco),50,230,9.8,23,12,,2.2,11,,0.38,Soy protein isolate crispies,processed,"GF oats, rice syrup, soy protein isolate (inherited)",1.65,Tesco single bar,Grocery; convenience,Plant-based; no artificial sweeteners,https://www.tesco.com/groceries/en-GB/products/317645938,2026-10-07,Medium,0.168,3.30,2.3,17
bounce,Bounce,Protein Ball (Dipped Peanut Caramel),whole_food,Sold UK (Ocado; H&B),40,,9.3,15.5,,,,,,,Not confirmed (mixed),unknown,Protein source not captured,1.75,Ocado single ball,Grocery; H&B; convenience,Natural energy,https://www.ocado.com/products/bounce-dipped-peanut-caramel-protein-ball/635419011,2026-10-07,Medium,0.188,4.38,1.7,
ella,Deliciously Ella,Oat Bar (Apple Raisin Cinnamon),whole_food,Sold UK (H&B; Ocado),50,,2.8,,,,,,,,Oats only,whole_food,Oats-based bar,1.29,H&B single bar,Grocery; H&B,Plant-based; natural,https://www.hollandandbarrett.com/shop/product/deliciously-ella-apple-raisin-cinnamon-oat-bar-6100291743,2026-10-07,Medium,0.461,2.58,,
graze,Graze,Protein Oat Bites (Cocoa Vanilla),whole_food,Sold UK (Tesco; Sainsbury's; Ocado),30,145,4,,,,,,,,Not confirmed,unknown,Oat-based; protein source not captured,0.62,£2.49 / 4 bites,Grocery,Protein,https://www.just-food.com/news/graze-launches-protein-bites-in-uk,2026-10-07,Medium,0.155,2.07,,11
battle,Battle Oats,Protein Flapjack (80g original spec),whole_food,Sold UK (Go Outdoors; Blacks),80,330,12,38,,,6.6,14,,,Protein isolate (type not stated),processed,"British rolled oats, protein isolate",,Current price not captured (2017: £1.42),Outdoor retail; H&B (2017),100% natural,https://www.gooutdoors.co.uk/products/battle-oats-protein-flapjack-70g-mixed-berry-pie-mixed-berry-pie-673772,2026-10-07,Low,,,3.2,15
eroica,33Fuel,Eroica bar (2-bar pack),whole_food,Sold UK (33Fuel D2C),100,409,20,43,38,,,,,,Almond + egg white,whole_food,"Almond, egg white, rice (inherited)",4.40,£21.99 / 5 packs (inherited),D2C,Real food,https://beta.olivemagazine.com/reviews/best-protein-bars,2026-10-06,Low (inherited),0.220,4.40,2.1,20
rxbar,RXBAR (Kellogg),RXBAR,whole_food,WITHDRAWN from UK; RX BAR UK Ltd dissolved 18 May 2023,,,,,,,,,,,Egg white,whole_food,"Egg whites, dates, nuts",,Not sold in UK,—,No B.S.,https://www.foodbusinessnews.net/articles/17401-kellogg-to-quit-selling-rxbar-in-the-uk,2026-10-07,High (exit) / nutrition not used,,,,
yazoo,Yazoo,Chocolate milk 400ml (whole bottle),substitute,Sold UK (Tesco),400,248,12.8,35.2,,,,,,,Milk,whole_food,"Milk, sugar, cocoa",1.60,Tesco 400 ml bottle,Everywhere,High protein; source of calcium,https://www.tesco.com/shop/en-GB/products/290369696,2026-10-07,High,0.125,0.40,2.8,21
banana,Fresh,Banana (one medium; ~120 g edible),substitute,Sold UK,120,97,1.4,24.4,,,1.3,0.1,,,—,whole_food,Banana,0.17,Tesco loose (May 2026),Everywhere,—,https://www.hotukdeals.com/deals/tesco-bananas-loose-x5-clubcard-price-4887699,2026-10-07,High (price) / Assumption (nutrition: typical values),0.121,0.14,17.4,6
milk_banana,Combo,Yazoo 400ml + 1 banana,substitute,Sold UK,520,345,14.2,59.6,,,1.3,,,,Milk,whole_food,Chocolate milk + banana,1.77,Sum of the two rows above,Everywhere,—,(derived from rows yazoo + banana),2026-10-07,Medium (derived),0.125,0.34,4.2,16
