rank,id,assumption,category,risk_if_wrong_1to5,current_evidence,cheapest_test,metric,success_threshold,test_by_week,status
1,A1,"Active 18-34s want an after-training snack that is low in sugar AND made from real food (not just one of the two)",Desirability,5,"Founder reports people 'said yes to the idea' (unquantified); competitor map shows the gap exists (EVIDENCE: 02) but not that people want it",Upload 9 interview notes + 20 more past-behaviour interviews; ask what they avoid in bars and why,"% who unprompted mention sugar, sweeteners or 'processed' as a reason to avoid bars",>=40%,7,Open
2,A2,"~14 g protein is enough (buyers won't insist on 20 g)",Desirability,5,"Lab bars set a 20 g norm (EVIDENCE: 02); untested with our buyers",Taste test + pilot survey: 'Would you want more protein even if it meant protein powder?',% saying yes,<40% (>60% → move to v2 shelf-stable route),11,Open
3,A3,"People will pay ~£2.75 for a 90 g fresh bake",Viability,5,"Bars sell at £2.50-2.95 (EVIDENCE: 02); café bakes £2.50-3.50 (ASSUMPTION)",Waitlist price question + pilot sales at £2.75,% choosing >=£2.50; pilot sell-through,>=50%; >=60% sell-through,11,Open
4,A4,"Buyers repeat-purchase (it's not a one-off novelty)",Viability,5,None,Paid pilot at 2 partners over 3 weeks,% of buyers buying 2+ times,>=30%,11,Open
5,A5,"A chilled product with a ~3-day use-by works for partners (fridge space, low waste)",Feasibility,5,None,Ask partners in pilot chats; count waste in pilot,Partners with fridge space; % of delivered bars wasted,2 partners; waste <15%,10,Open
6,A6,"The bar tastes good without dates/honey (only banana for sweetness)",Feasibility,5,Recipe on paper only,Blind taste test vs Grenade and Forza (n~20),Mean 9-pt hedonic score,>=6.5 and within 1 point of Grenade,8,Open
7,A7,"The calculated numbers (~3 g sugar, ~14 g protein, ~28 g carbs per 90 g) hold in a real bake",Feasibility,4,"Calculation with typical values; 24% bake loss assumed (04-nutrition.py)",Weigh before/after baking (free) + 1 lab nutrition analysis,Lab sugar and protein vs calc,Sugar <=4.5 g/100 g (keeps 'low sugar'); protein >=12 g/bar,10,Open
8,A8,"Home-baked bars come out consistent (weight, texture) bake to bake",Feasibility,3,None,Weigh 8 bars from each of 3 bakes,Bar weight spread; texture score,All bars >=90 g average; texture >=3/5,8,Open
9,A9,"Clubs and gyms will stock or bulk-buy (Squad Box)",Viability,4,"Pro clubs tied to SiS/Myprotein/Grenade (inherited); grassroots untested",6 partner outreach emails + Book-a-chat page,Partners agreeing to a pilot; reorder intent,2 pilots; >=1 reorder,11,Open
10,A10,"The use-by period agreed with the EHO is at least 3 days",Feasibility,3,"None (fresh egg/milk bake)",Fridge keep test days 1/3/5/7 + ask EHO,Days before texture/smell/mould change,>=3 days,8,Open
11,A11,"'fettle' is free to use as a trade mark in classes 29/30",Feasibility,3,"No clash found by web search; UK IPO not checked",UK IPO + Companies House search (30 min),Conflicting marks found,None in classes 29/30/5,5,Open
12,A12,"A local bakery could bake it under contract at <=£0.90/bar",Viability,3,"Bakery-scale cost is an assumption (04-costing.py)",Ask 2-3 local bakeries/café kitchens,Quoted price per bar,<=£0.90,12,Open
13,A13,"'Low sugar' and 'kitchen ingredients' wording is acceptable to Trading Standards",Feasibility,2,Claims checked vs GB register conditions; wording untested,Email Durham/Newcastle Trading Standards,Written response,OK or alternative wording agreed,9,Open
14,A14,"~5-6 g fibre straight after training causes no meaningful gut discomfort",Feasibility,2,Evidence base thin (EVIDENCE: S1),Pilot survey question,% reporting moderate+ discomfort,<10%,11,Open
