id,brand,product,group,uk_status,weight_g,kcal,protein_g,carbs_g,sugars_g,polyols_g,fibre_g,fat_g,sat_g,salt_g,protein_source,processing,key_ingredients,price_gbp,price_basis,channels,marketing_claims,source_url,accessed,confidence
forza,Veloforte,Forza (Apricot Almond Fennel),recovery,Sold UK (Sigma Sport and other cycle retail),70,254,12,38.3,27.6,,7.4,,,,Egg white,whole_food,"Dried apricot, almond, egg white, cane sugar, honey, agave (inherited list)",2.75,"Box of 12 price NOT confirmed; inherited estimate",Cycle retail; D2C; H&B; Decathlon,"100% natural; handmade UK; no additives; 3:1 recovery",https://sigmasport.co.uk/item/Veloforte/Forza-Natural-Protein-Bar-Box-of-12-x-70g/JEHZ,2026-10-07,Medium (nutrition) / Low (price)
styrkr,Styrkr,BAR+ Recovery Bar,recovery,Sold UK (Tweeks; Bike24; Halfords),74,285,15,46.6,28.4,,0.67,,,,Soy protein isolate + soy crispies,processed,"Glucose syrup, soy protein crispies, caster sugar, invert syrup, soy protein isolate, puffed rice",2.75,"£32.95 / 12",Cycle retail; D2C; export,"All natural ingredients; fast to digest; easy on the gut; 3:1",https://tweekscycles.com/styrkr-bar-recovery-bar-12-pack-4001761,2026-10-07,Medium
torq,TORQ,Recovery Bar,recovery,Sold UK (TORQ D2C; Sigma Sport),65,230,13.4,40.2,22.7,,2.1,0.7,,,Whey protein concentrate + whey crisps,processed,"Rice syrup, raisins, whey protein, maltodextrin (inherited list)",2.50,SRP per bar (box of 15),D2C; cycle retail,"3:1; cold-pressed; Fairtrade; no artificial sweeteners",https://www.torqfitness.co.uk/news/torq-recovery-bar,2026-10-07,Medium (per-100g × 0.65)
rego,Science in Sport,REGO Rapid Recovery (50g sachet; shake),recovery,Sold UK (run4it; Rutland Cycling),50,,20,22,,,,,,,Milk/whey protein,processed,Powder mixed with water; needs shaker,2.50,Single sachet,Run & cycle retail; D2C; pro clubs,"Contributes to maintenance of muscle mass",https://www.run4it.com/products/sis-science-in-sport-rego-rapid-recovery-sachet,2026-10-07,Medium
grenade,Grenade,Carb Killa (Dark Choc Raspberry),protein,Sold UK (Tesco; Boots; Ocado; Superdrug),60,219,20,18,0.9,16,3.0,9.7,5.6,0.18,Milk protein blend,processed,"Protein blend, polyols (maltitol), palm/veg fats (inherited)",2.85,Boots single-bar shelf price (promos to £1.50),Grocery; pharmacy; convenience,"High protein; low sugar",https://boots.com/grenade-carb-killa-high-protein-bar-fudged-up-60g-10299122,2026-10-07,High
barebells,Barebells,Protein Bar (Cookies & Cream),protein,Sold UK (Tesco; Ocado; H&B),55,190,20,17,1.4,,3.5,6.4,3.1,0.10,Milk protein blend,processed,"Milk protein, polyols/sweeteners (inherited: maltitol, sucralose)",2.90,Tesco single bar,Grocery; H&B; gyms,"No added sugar; no palm oil",https://www.tesco.com/shop/en-GB/products/317413827,2026-10-07,High
fulfil,Fulfil,Vitamin & Protein Bar (Choc Peanut Caramel),protein,Sold UK (Tesco; Sainsbury's),55,203,19.5,15.9,1.1,,3.8,,,,Milk protein blend,processed,"Protein blend, polyols, 9 added vitamins",2.90,Tesco single bar,Grocery; convenience,"High protein; low sugar; 9 vitamins",https://www.tesco.com/groceries/en-GB/products/330772853,2026-10-07,High
mp_layered,Myprotein,Layered Bar,protein,Sold UK (H&B; Morrisons; Ocado),60,211,20,20,2,,6.4,,,,Milk protein blend,processed,Protein blend; sweeteners (detail not checked),2.50,H&B RRP (promo £2.00),D2C; H&B; grocery,"High protein; high fibre; low sugar",https://www.hollandandbarrett.com/shop/product/layered-protein-bar-white-gold-60g-6100004968,2026-10-07,Medium
mp_flapjack,Myprotein,Protein Flapjack (Forest Fruit),protein,Sold UK (Myprotein D2C),80,324,20,32,20,,7.8,11,5.5,0.87,Soy protein isolate + whey isolate,processed,"Oats 24%, golden syrup, isolated soy protein 20%, FOS, butter, margarine (palm oil), whey isolate 4%",2.49,"Single bar via third-party listing; retailer unclear",D2C online,"High protein",https://www.healthkart.com/sv/myprotein-protein-flapjack/SP-83423,2026-10-07,Medium (nutrition) / Low (price)
phd,PhD Nutrition,Smart Bar,protein,Sold UK (H&B; Ocado),64,251,21,22,2,20,,9.2,,0.26,Milk protein + collagen + soy isolate,processed,"Milk protein, collagen hydrolysate, soy isolate, maltitol",2.50,H&B single bar,H&B; grocery; D2C,"High protein; low sugar",https://www.hollandandbarrett.com/shop/product/phd-smart-bar-choc-brownie-64g-6100004270,2026-10-07,High
misfits,Misfits,Vegan Protein Bar,protein,Sold UK (Ocado; H&B; Tesco),45,186,16,,1,,8,,,,Plant protein blend,processed,Plant protein blend; low sugar (detail not checked),2.20,Ocado single bar,Grocery; H&B,"100% natural; vegan; high fibre",https://ocado.com/products/misfits-chocolate-brownie-vegan-protein-bar-544264011,2026-10-07,Medium (carbs missing)
clif,Clif,Builders (Chocolate Mint),protein,Patchy UK (Sigma delisted; Premcrest; Rutland),68,280,20,31,17,,3,9,,,Soy protein isolate,processed,"Soy protein isolate, cane syrup, rice syrup, palm kernel oil (inherited)",1.90,"£22.80 / 12 (Premcrest, out of stock)",Cycle retail; wholesale,"20g complete protein",https://www.premcrest.co.uk/clif-chocolate-mint-builder-s-protein-bar-68g-x12,2026-10-07,Medium (US label)
huel,Huel,Complete Nutrition Bar (Choc Fudge Brownie),protein,Sold UK (Tesco; Morrisons; H&B),55,191,15,17,1.7,,7.7,7.7,3.1,0.10,Rice + pea protein,processed,"Maltitol (fudge and coating), corn fibre, rice protein, pea protein, sunflower oil, glycerol",2.50,H&B (Tesco/Morrisons promo £2.00),Grocery; D2C,"Complete nutrition; high protein; laxative-effect warning on Ocado listing",https://www.tesco.com/shop/en-GB/products/320813385,2026-10-08,High
vf_crunch,Veloforte,Protein Crunch,protein,Sold UK (H&B; Decathlon),66,252,20,17,9.5,,12,,,,Soy protein crisps + bovine collagen,processed,"Peanuts, dates, soy protein crisps, collagen, chicory root syrup",3.08,"H&B variety 12-pack £37 (may not be Crunch-only)",H&B; Decathlon; D2C,"20g complete protein; natural",https://www.hollandandbarrett.com/shop/product/veloforte-protein-crunch-bar-mixed-12-pack-6100013471,2026-10-07,Medium (nutrition) / Low (price)
nakd,Nakd,Fruit & Nut Bar (Cocoa Delight),whole_food,Sold UK (Ocado; supermarkets),35,,2.9,19,,,3.3,,,,Nuts only,whole_food,"Dates, cashews, raisins, cocoa",,Price not captured,Grocery,"Natural; no added sugar; vegan",https://www.ocado.com/products/nakd-cocoa-delight-fruit-nut-bars-multipack-63336011,2026-10-07,Medium
nakd_protein,Nakd,Protein Bar (Peanut Butter),whole_food,Sold UK (Ocado; Costco),45,189,7,15,13,,6.8,9.5,,0.18,Not confirmed (nuts + possibly plant protein),unknown,Protein source not captured,,Price not captured,Grocery; Costco,"100% natural; cold pressed; no added sugar",https://www.ocado.com/products/nakd-protein-peanut-butter-bars-multipack-609578011,2026-10-07,Medium
trek,Trek,Protein Flapjack (Lotus Biscoff),whole_food,Sold UK (Tesco),50,230,9.8,23,12,,2.2,11,,0.38,Soy protein isolate crispies,processed,"GF oats, rice syrup, soy protein isolate (inherited)",1.65,Tesco single bar,Grocery; convenience,"Plant-based; no artificial sweeteners",https://www.tesco.com/groceries/en-GB/products/317645938,2026-10-07,Medium
bounce,Bounce,Protein Ball (Dipped Peanut Caramel),whole_food,Sold UK (Ocado; H&B),40,,9.3,15.5,,,,,,,Not confirmed (mixed),unknown,Protein source not captured,1.75,Ocado single ball,Grocery; H&B; convenience,"Natural energy",https://www.ocado.com/products/bounce-dipped-peanut-caramel-protein-ball/635419011,2026-10-07,Medium
ella,Deliciously Ella,Oat Bar (Apple Raisin Cinnamon),whole_food,Sold UK (H&B; Ocado),50,,2.8,,,,,,,,Oats only,whole_food,Oats-based bar,1.29,H&B single bar,Grocery; H&B,"Plant-based; natural",https://www.hollandandbarrett.com/shop/product/deliciously-ella-apple-raisin-cinnamon-oat-bar-6100291743,2026-10-07,Medium
graze,Graze,Protein Oat Bites (Cocoa Vanilla),whole_food,Sold UK (Tesco; Sainsbury's; Ocado),30,145,4,,,,,,,,Not confirmed,unknown,Oat-based; protein source not captured,0.62,£2.49 / 4 bites,Grocery,"Protein",https://www.just-food.com/news/graze-launches-protein-bites-in-uk,2026-10-07,Medium
battle,Battle Oats,Protein Flapjack (80g original spec),whole_food,Sold UK (Go Outdoors; Blacks),80,330,12,38,,,6.6,14,,,Protein isolate (type not stated),processed,"British rolled oats, protein isolate",,Current price not captured (2017: £1.42),Outdoor retail; H&B (2017),"100% natural",https://www.gooutdoors.co.uk/products/battle-oats-protein-flapjack-70g-mixed-berry-pie-mixed-berry-pie-673772,2026-10-07,Low
eroica,33Fuel,Eroica bar (2-bar pack),whole_food,Sold UK (33Fuel D2C),100,409,20,43,38,,,,,,Almond + egg white,whole_food,"Almond, egg white, rice (inherited)",4.40,£21.99 / 5 packs (inherited),D2C,"Real food",https://beta.olivemagazine.com/reviews/best-protein-bars,2026-10-06,Low (inherited)
rxbar,RXBAR (Kellogg),RXBAR,whole_food,WITHDRAWN from UK; RX BAR UK Ltd dissolved 18 May 2023,,,,,,,,,,,Egg white,whole_food,"Egg whites, dates, nuts",,Not sold in UK,—,"No B.S.",https://www.foodbusinessnews.net/articles/17401-kellogg-to-quit-selling-rxbar-in-the-uk,2026-10-07,High (exit) / nutrition not used
yazoo,Yazoo,Chocolate milk 400ml (whole bottle),substitute,Sold UK (Tesco),400,248,12.8,35.2,,,,,,,Milk,whole_food,"Milk, sugar, cocoa",1.60,Tesco 400 ml bottle,Everywhere,"High protein; source of calcium",https://www.tesco.com/shop/en-GB/products/290369696,2026-10-07,High
banana,Fresh,Banana (one medium; ~120 g edible),substitute,Sold UK,120,97,1.4,24.4,,,1.3,0.1,,,—,whole_food,Banana,0.17,Tesco loose (May 2026),Everywhere,—,https://www.hotukdeals.com/deals/tesco-bananas-loose-x5-clubcard-price-4887699,2026-10-07,High (price) / Assumption (nutrition: typical values)
milk_banana,Combo,Yazoo 400ml + 1 banana,substitute,Sold UK,520,345,14.2,59.6,,,1.3,,,,Milk,whole_food,Chocolate milk + banana,1.77,Sum of the two rows above,Everywhere,—,(derived from rows yazoo + banana),2026-10-07,Medium (derived)
perfect_bar,Perfect Snacks,Perfect Bar Original Peanut Butter (refrigerated),whole_food,NOT confirmed in UK (US grocery; refrigerated),71,340,17,27,19,,,19,,0.13,"Nonfat dry milk + whole egg powder + rice protein",processed,"Peanut butter, honey, nonfat dry milk, dried whole egg powder, rice protein, dried whole-food powders, oils (sesame)",,US price only,US grocery chillers,"Refrigerated; no whey or soy; 13 g added sugar (US label)",https://www.wegmans.com/shop/product/621305,2026-10-08,Medium (US label)
mp_refuel,Myprotein,THE Re-Fuel Bar (HYROX) 80g,recovery,Sold UK (Myprotein D2C),80,,22,32,,,,,,,Whey protein concentrate + milk protein,processed,"Maltitol (first ingredient), rolled oats 15%, whey protein concentrate 11%, glycerol, milk protein, chicory root fibre, milk protein concentrate",1.54,"£18.49 / 12 (seen on sale £9.99 / 12)",D2C; HYROX partnership,"Carbohydrate & protein bar for recovery and refuelling",https://www.myprotein.com/p/sports-nutrition/the-re-fuel-protein-bar/13900722/,2026-10-08,Medium (sugar not captured)
warrior_raw,Warrior,RAW Protein Flapjack (Cookies & Cream) 75g,protein,Sold UK (Morrisons; H&B),75,250,20.1,,3.1,,8.9,3.8,,,Milk protein + hydrolysed gelatine,processed,"Rolled oats, milk protein, hydrolysed gelatine, glycerine, FOS, sucralose/stevia; >10 g polyols per 100 g (laxative warning)",1.00,"£11.99 / 12",Grocery; D2C; Amazon,"Low sugar; high protein",https://groceries.morrisons.com/products/warrior-raw-protein-flapjack-cookies-and-cream-75g/115108257,2026-10-08,Medium (carbs not captured)
amacx,Amacx,Recovery Bar 55g,recovery,Sold UK (Sigma Sports),55,,20,22,,,,,,,Soy + whey + milk protein mix,processed,"Protein mix (soya, whey, milk), fructose-glucose syrup, milk chocolate, GF oats, sunflower oil, polydextrose, tapioca starch",3.00,Sigma single bar,Cycle retail,"Take within 45 min after training",https://sigmasports.com/item/Amacx/Recovery-Bar-1-x-55g/131QR,2026-10-08,Medium (sugar not captured)
high5_recovery,HIGH5,Recovery Protein Bar 50g,recovery,Sold UK (HIGH5 D2C; Sigma; Tredz),50,,19,19,,,,,,,Protein blend,processed,"Glucose syrup, milk chocolate 20%, invert sugar syrup, sugar, protein blend",2.79,"£33.49 / 12",D2C; cycle retail,"Protein & carbs for recovery",https://highfive.co.uk/products/recovery-protein-bar,2026-10-08,Low-Medium (versions differ)
voom_recover,Voom,RecoverFudge Bar 50g,recovery,Sold UK (XMiles; Sports Direct),50,208,12,,,,,,,,Whey isolate,processed,"Full-cream condensed milk, whey isolate protein mix, brown sugar, glucose syrup, cane sugar",2.89,XMiles single bar,Run/cycle retail,"3:1 carb:protein; fudge",https://www.sportsdirect.com/voom-recovery-fudge-bar-15-x-50g-733175,2026-10-08,Low-Medium (versions differ)
