id,thread,product,brand_type,price,country,occasion,repurchase,themes,summary
R01,T1_last_bar,Atlas Salted Peanut,branded protein bar,,not stated,,yes,taste_repurchase;nut_flavour,"Would buy again and did"
R02,T1_last_bar,Quest Birthday Cake,branded protein bar,,not stated,,yes,taste_repurchase;dessert_flavour,"Would buy again for sure"
R03,T1_last_bar,Barebells Brownie Batter,branded protein bar,,not stated,,not stated,dessert_flavour,"Named only"
R04,T1_last_bar,Quest Crispy Fruity Cereal,branded protein bar,$1.50 (BOGO),USA,,no,dessert_flavour;texture;macros_low_sugar;price_promo,"Good macros, no sugar, great texture, very sweet; not rebought because no BOGO offer since"
R05,T1_last_bar,Barebells Caramel & Cookies,branded protein bar,,not stated,,yes,taste_repurchase;dessert_flavour,"Tried one, bought a 12-pack the next day; best-tasting bar"
R06,T1_last_bar,Barebells Banana Bread,branded protein bar,$2.48,USA,daily protein top-up / candy replacement,yes,taste_repurchase;protein_topup;candy_replacement;wholefood_guilt,"Ideally eats more whole foods; bars are a 'necessary evil' that replace a candy-bar craving"
R07,T1_last_bar,Built Puff,branded protein bar,,not stated,,no,texture_bad,"Won't rebuy: texture 'like gum'"
R08,T1_last_bar,Grenade Oreo,branded protein bar,,not stated,,yes,taste_repurchase;dessert_flavour,"Delicious"
R09,T1_last_bar,Barebells Creamy Crisp,branded protein bar,$3.50,USA,afternoon post-lunch snack,no,texture;social_proof;brand_loyalty,"Tried due to hype; soft was nice; prefers Quest Overload, won't rebuy"
R10,T1_last_bar,YMMY,branded protein bar,$4.99 for 4,USA,,not stated,price_value;dessert_flavour,"Close to Barebells"
R11,T1_last_bar,Met-Rx Cookies & Cream,branded protein bar,,not stated,,not stated,dessert_flavour,"Named only"
R12,T1_last_bar,Muscle Nation Pistachio Cheesecake,branded protein bar,,not stated,,yes,taste_repurchase;dessert_flavour,"Likes it, 'yum'"
R13,T1_last_bar,Elevation (Aldi) Cookie Dough,branded protein bar,~$5.50 per box (vs $2.25 usual),USA,blood-glucose management (diabetic); portable,occasional,dessert_flavour;price_value;portability;carb_ceiling;texture,"Enjoyed; non-granola texture was a nice change; price makes it a treat; wants <=22-23 g carbs and >=10 g protein"
R14,T2_post_training,(none),meal,,not stated,after training,n/a,no_need_window;real_meal,"No: can wait 2-4 h; 'post-workout window' overblown; eats a normal meal 2-3 h after training"
R15,T3_fibre,(no fibre snacks),whole food,,not stated,daily,n/a,fibre_tracker;wholefood_fibre;fibre_snack_gi_upset,"Tracks 30+ g fibre from whole foods; fibre snacks upset stomach; breakfast is overnight oats + chia + Greek yoghurt + berries (~10 g fibre)"
R16,T3_fibre,Hero bread / protein coffee,high-protein high-fibre products,,USA,daily,yes,protein_plus_fibre,"Deliberately chooses products high in BOTH protein and fibre"
